{"cells":[{"name":{"_data_":"DA_LCBandpassDT1_fc1","_wellknowntype_":"string"},"views":[{"name":{"_data_":"schematic","_wellknowntype_":"string"},"references":{"cells":[],"externalFiles":[],"libraries":[],"libraryFiles":[],"pcbVias":[],"views":[{"_data_":"ads_datacmps:VAR:symbol","_wellknowntype_":"string"},{"_data_":"ads_tlines:MLIN:symbol","_wellknowntype_":"string"},{"_data_":"ads_tlines:MLOC:symbol","_wellknowntype_":"string"},{"_data_":"ads_tlines:MSUB:symbol","_wellknowntype_":"string"}]},"timestamp":[{"file":{"_data_":".","_wellknowntype_":"string"},"time":{"_data_":1712286219091,"_wellknowntype_":"int64"}},{"file":{"_data_":"master.tag","_wellknowntype_":"string"},"time":{"_data_":1712285907271,"_wellknowntype_":"int64"}},{"file":{"_data_":"sch.oa","_wellknowntype_":"string"},"time":{"_data_":1712286219087,"_wellknowntype_":"int64"}},{"file":{"_data_":"sch.oa.cdslck","_wellknowntype_":"string"},"time":{"_data_":1712285907396,"_wellknowntype_":"int64"}}]},{"name":{"_data_":"symbol","_wellknowntype_":"string"},"references":{"cells":[],"externalFiles":[],"libraries":[],"libraryFiles":[],"pcbVias":[],"views":[]},"timestamp":[{"file":{"_data_":".","_wellknowntype_":"string"},"time":{"_data_":1712285907357,"_wellknowntype_":"int64"}},{"file":{"_data_":"master.tag","_wellknowntype_":"string"},"time":{"_data_":1712285907313,"_wellknowntype_":"int64"}},{"file":{"_data_":"symbol.oa","_wellknowntype_":"string"},"time":{"_data_":1712285907332,"_wellknowntype_":"int64"}}]}]},{"name":{"_data_":"DA_LCBandpassDT1_fc2","_wellknowntype_":"string"},"views":[{"name":{"_data_":"schematic","_wellknowntype_":"string"},"references":{"cells":[],"externalFiles":[],"libraries":[],"libraryFiles":[],"pcbVias":[],"views":[{"_data_":"ads_datacmps:VAR:symbol","_wellknowntype_":"string"},{"_data_":"ads_tlines:MLIN:symbol","_wellknowntype_":"string"},{"_data_":"ads_tlines:MLOC:symbol","_wellknowntype_":"string"},{"_data_":"ads_tlines:MSUB:symbol","_wellknowntype_":"string"}]},"timestamp":[{"file":{"_data_":".","_wellknowntype_":"string"},"time":{"_data_":1712287534279,"_wellknowntype_":"int64"}},{"file":{"_data_":"master.tag","_wellknowntype_":"string"},"time":{"_data_":1712287442557,"_wellknowntype_":"int64"}},{"file":{"_data_":"sch.oa","_wellknowntype_":"string"},"time":{"_data_":1712287534274,"_wellknowntype_":"int64"}},{"file":{"_data_":"sch.oa.cdslck","_wellknowntype_":"string"},"time":{"_data_":1712287442791,"_wellknowntype_":"int64"}}]},{"name":{"_data_":"symbol","_wellknowntype_":"string"},"references":{"cells":[],"externalFiles":[],"libraries":[],"libraryFiles":[],"pcbVias":[],"views":[]},"timestamp":[{"file":{"_data_":".","_wellknowntype_":"string"},"time":{"_data_":1712287442621,"_wellknowntype_":"int64"}},{"file":{"_data_":"master.tag","_wellknowntype_":"string"},"time":{"_data_":1712287442587,"_wellknowntype_":"int64"}},{"file":{"_data_":"symbol.oa","_wellknowntype_":"string"},"time":{"_data_":1712287442599,"_wellknowntype_":"int64"}}]}]},{"name":{"_data_":"DA_LCBandpassDT_fc1","_wellknowntype_":"string"},"views":[{"name":{"_data_":"schematic","_wellknowntype_":"string"},"references":{"cells":[],"externalFiles":[],"libraries":[],"libraryFiles":[],"pcbVias":[],"views":[]},"timestamp":[{"file":{"_data_":".","_wellknowntype_":"string"},"time":{"_data_":1712285764948,"_wellknowntype_":"int64"}},{"file":{"_data_":"master.tag","_wellknowntype_":"string"},"time":{"_data_":1712285764861,"_wellknowntype_":"int64"}},{"file":{"_data_":"sch.oa","_wellknowntype_":"string"},"time":{"_data_":1712285764876,"_wellknowntype_":"int64"}}]},{"name":{"_data_":"symbol","_wellknowntype_":"string"},"references":{"cells":[],"externalFiles":[],"libraries":[],"libraryFiles":[],"pcbVias":[],"views":[]},"timestamp":[{"file":{"_data_":".","_wellknowntype_":"string"},"time":{"_data_":1712285764951,"_wellknowntype_":"int64"}},{"file":{"_data_":"master.tag","_wellknowntype_":"string"},"time":{"_data_":1712285764911,"_wellknowntype_":"int64"}},{"file":{"_data_":"symbol.oa","_wellknowntype_":"string"},"time":{"_data_":1712285764921,"_wellknowntype_":"int64"}}]}]},{"name":{"_data_":"DA_LCBandpassDT_fc2","_wellknowntype_":"string"},"views":[{"name":{"_data_":"schematic","_wellknowntype_":"string"},"references":{"cells":[],"externalFiles":[],"libraries":[],"libraryFiles":[],"pcbVias":[],"views":[]},"timestamp":[{"file":{"_data_":".","_wellknowntype_":"string"},"time":{"_data_":1712287361879,"_wellknowntype_":"int64"}},{"file":{"_data_":"master.tag","_wellknowntype_":"string"},"time":{"_data_":1712287361817,"_wellknowntype_":"int64"}},{"file":{"_data_":"sch.oa","_wellknowntype_":"string"},"time":{"_data_":1712287361827,"_wellknowntype_":"int64"}}]},{"name":{"_data_":"symbol","_wellknowntype_":"string"},"references":{"cells":[],"externalFiles":[],"libraries":[],"libraryFiles":[],"pcbVias":[],"views":[]},"timestamp":[{"file":{"_data_":".","_wellknowntype_":"string"},"time":{"_data_":1712287361881,"_wellknowntype_":"int64"}},{"file":{"_data_":"master.tag","_wellknowntype_":"string"},"time":{"_data_":1712287361847,"_wellknowntype_":"int64"}},{"file":{"_data_":"symbol.oa","_wellknowntype_":"string"},"time":{"_data_":1712287361860,"_wellknowntype_":"int64"}}]}]},{"name":{"_data_":"DA_LCBandstopDT1_diplexer","_wellknowntype_":"string"},"views":[{"name":{"_data_":"schematic","_wellknowntype_":"string"},"references":{"cells":[],"externalFiles":[],"libraries":[],"libraryFiles":[],"pcbVias":[],"views":[{"_data_":"ads_datacmps:VAR:symbol","_wellknowntype_":"string"},{"_data_":"ads_tlines:MLOC:symbol","_wellknowntype_":"string"},{"_data_":"ads_tlines:MSUB:symbol","_wellknowntype_":"string"},{"_data_":"ads_tlines:TLOC:symbol","_wellknowntype_":"string"}]},"timestamp":[{"file":{"_data_":".","_wellknowntype_":"string"},"time":{"_data_":1712198789651,"_wellknowntype_":"int64"}},{"file":{"_data_":"master.tag","_wellknowntype_":"string"},"time":{"_data_":1711108154750,"_wellknowntype_":"int64"}},{"file":{"_data_":"sch.oa","_wellknowntype_":"string"},"time":{"_data_":1712198789647,"_wellknowntype_":"int64"}},{"file":{"_data_":"sch.oa.cdslck","_wellknowntype_":"string"},"time":{"_data_":1712198367826,"_wellknowntype_":"int64"}}]},{"name":{"_data_":"symbol","_wellknowntype_":"string"},"references":{"cells":[],"externalFiles":[],"libraries":[],"libraryFiles":[],"pcbVias":[],"views":[]},"timestamp":[{"file":{"_data_":".","_wellknowntype_":"string"},"time":{"_data_":1711108154861,"_wellknowntype_":"int64"}},{"file":{"_data_":"master.tag","_wellknowntype_":"string"},"time":{"_data_":1711108154802,"_wellknowntype_":"int64"}},{"file":{"_data_":"symbol.oa","_wellknowntype_":"string"},"time":{"_data_":1711108154817,"_wellknowntype_":"int64"}}]}]},{"name":{"_data_":"DA_LCBandstopDT2_diplexer","_wellknowntype_":"string"},"views":[{"name":{"_data_":"schematic","_wellknowntype_":"string"},"references":{"cells":[],"externalFiles":[],"libraries":[],"libraryFiles":[],"pcbVias":[],"views":[{"_data_":"ads_datacmps:VAR:symbol","_wellknowntype_":"string"},{"_data_":"ads_tlines:MLOC:symbol","_wellknowntype_":"string"},{"_data_":"ads_tlines:MSUB:symbol","_wellknowntype_":"string"},{"_data_":"ads_tlines:TLOC:symbol","_wellknowntype_":"string"}]},"timestamp":[{"file":{"_data_":".","_wellknowntype_":"string"},"time":{"_data_":1712227819458,"_wellknowntype_":"int64"}},{"file":{"_data_":"master.tag","_wellknowntype_":"string"},"time":{"_data_":1711108155047,"_wellknowntype_":"int64"}},{"file":{"_data_":"sch.oa","_wellknowntype_":"string"},"time":{"_data_":1712227819455,"_wellknowntype_":"int64"}},{"file":{"_data_":"sch.oa.cdslck","_wellknowntype_":"string"},"time":{"_data_":1712227790418,"_wellknowntype_":"int64"}}]},{"name":{"_data_":"symbol","_wellknowntype_":"string"},"references":{"cells":[],"externalFiles":[],"libraries":[],"libraryFiles":[],"pcbVias":[],"views":[]},"timestamp":[{"file":{"_data_":".","_wellknowntype_":"string"},"time":{"_data_":1711108155147,"_wellknowntype_":"int64"}},{"file":{"_data_":"master.tag","_wellknowntype_":"string"},"time":{"_data_":1711108155083,"_wellknowntype_":"int64"}},{"file":{"_data_":"symbol.oa","_wellknowntype_":"string"},"time":{"_data_":1711108155106,"_wellknowntype_":"int64"}}]}]},{"name":{"_data_":"DA_LCBandstopDT_diplexer","_wellknowntype_":"string"},"views":[{"name":{"_data_":"schematic","_wellknowntype_":"string"},"references":{"cells":[],"externalFiles":[],"libraries":[],"libraryFiles":[],"pcbVias":[],"views":[]},"timestamp":[{"file":{"_data_":".","_wellknowntype_":"string"},"time":{"_data_":1711108158100,"_wellknowntype_":"int64"}},{"file":{"_data_":"master.tag","_wellknowntype_":"string"},"time":{"_data_":1711107900543,"_wellknowntype_":"int64"}},{"file":{"_data_":"sch.oa","_wellknowntype_":"string"},"time":{"_data_":1711107900558,"_wellknowntype_":"int64"}}]},{"name":{"_data_":"symbol","_wellknowntype_":"string"},"references":{"cells":[],"externalFiles":[],"libraries":[],"libraryFiles":[],"pcbVias":[],"views":[]},"timestamp":[{"file":{"_data_":".","_wellknowntype_":"string"},"time":{"_data_":1711107900728,"_wellknowntype_":"int64"}},{"file":{"_data_":"master.tag","_wellknowntype_":"string"},"time":{"_data_":1711107900644,"_wellknowntype_":"int64"}},{"file":{"_data_":"symbol.oa","_wellknowntype_":"string"},"time":{"_data_":1711107900659,"_wellknowntype_":"int64"}}]}]},{"name":{"_data_":"DA_LCHighpassDT1_fc1","_wellknowntype_":"string"},"views":[{"name":{"_data_":"schematic","_wellknowntype_":"string"},"references":{"cells":[],"externalFiles":[],"libraries":[],"libraryFiles":[],"pcbVias":[],"views":[{"_data_":"ads_datacmps:VAR:symbol","_wellknowntype_":"string"},{"_data_":"ads_tlines:MLOC:symbol","_wellknowntype_":"string"},{"_data_":"ads_tlines:MSUB:symbol","_wellknowntype_":"string"},{"_data_":"ass3_lib:DA_MICapS10_DA_LCHighpassDT1_fc1:symbol","_wellknowntype_":"string"},{"_data_":"ass3_lib:DA_MICapS1_DA_LCHighpassDT1_fc1:symbol","_wellknowntype_":"string"},{"_data_":"ass3_lib:DA_MICapS2_DA_LCHighpassDT1_fc1:symbol","_wellknowntype_":"string"},{"_data_":"ass3_lib:DA_MICapS3_DA_LCHighpassDT1_fc1:symbol","_wellknowntype_":"string"},{"_data_":"ass3_lib:DA_MICapS4_DA_LCHighpassDT1_fc1:symbol","_wellknowntype_":"string"},{"_data_":"ass3_lib:DA_MICapS5_DA_LCHighpassDT1_fc1:symbol","_wellknowntype_":"string"},{"_data_":"ass3_lib:DA_MICapS6_DA_LCHighpassDT1_fc1:symbol","_wellknowntype_":"string"},{"_data_":"ass3_lib:DA_MICapS7_DA_LCHighpassDT1_fc1:symbol","_wellknowntype_":"string"},{"_data_":"ass3_lib:DA_MICapS8_DA_LCHighpassDT1_fc1:symbol","_wellknowntype_":"string"},{"_data_":"ass3_lib:DA_MICapS9_DA_LCHighpassDT1_fc1:symbol","_wellknowntype_":"string"}]},"timestamp":[{"file":{"_data_":".","_wellknowntype_":"string"},"time":{"_data_":1712287130717,"_wellknowntype_":"int64"}},{"file":{"_data_":"master.tag","_wellknowntype_":"string"},"time":{"_data_":1712286958852,"_wellknowntype_":"int64"}},{"file":{"_data_":"sch.oa","_wellknowntype_":"string"},"time":{"_data_":1712287130712,"_wellknowntype_":"int64"}},{"file":{"_data_":"sch.oa.cdslck","_wellknowntype_":"string"},"time":{"_data_":1712286958948,"_wellknowntype_":"int64"}}]},{"name":{"_data_":"symbol","_wellknowntype_":"string"},"references":{"cells":[],"externalFiles":[],"libraries":[],"libraryFiles":[],"pcbVias":[],"views":[]},"timestamp":[{"file":{"_data_":".","_wellknowntype_":"string"},"time":{"_data_":1712286958913,"_wellknowntype_":"int64"}},{"file":{"_data_":"master.tag","_wellknowntype_":"string"},"time":{"_data_":1712286958881,"_wellknowntype_":"int64"}},{"file":{"_data_":"symbol.oa","_wellknowntype_":"string"},"time":{"_data_":1712286958892,"_wellknowntype_":"int64"}}]}]},{"name":{"_data_":"DA_LCHighpassDT1_fc2","_wellknowntype_":"string"},"views":[{"name":{"_data_":"schematic","_wellknowntype_":"string"},"references":{"cells":[],"externalFiles":[],"libraries":[],"libraryFiles":[],"pcbVias":[],"views":[{"_data_":"ads_datacmps:VAR:symbol","_wellknowntype_":"string"},{"_data_":"ads_tlines:MLOC:symbol","_wellknowntype_":"string"},{"_data_":"ads_tlines:MSUB:symbol","_wellknowntype_":"string"},{"_data_":"ass3_lib:DA_MICapS1_DA_LCHighpassDT1_fc2:symbol","_wellknowntype_":"string"},{"_data_":"ass3_lib:DA_MICapS2_DA_LCHighpassDT1_fc2:symbol","_wellknowntype_":"string"}]},"timestamp":[{"file":{"_data_":".","_wellknowntype_":"string"},"time":{"_data_":1712287957062,"_wellknowntype_":"int64"}},{"file":{"_data_":"master.tag","_wellknowntype_":"string"},"time":{"_data_":1712287442700,"_wellknowntype_":"int64"}},{"file":{"_data_":"sch.oa","_wellknowntype_":"string"},"time":{"_data_":1712287916110,"_wellknowntype_":"int64"}}]},{"name":{"_data_":"symbol","_wellknowntype_":"string"},"references":{"cells":[],"externalFiles":[],"libraries":[],"libraryFiles":[],"pcbVias":[],"views":[]},"timestamp":[{"file":{"_data_":".","_wellknowntype_":"string"},"time":{"_data_":1712287442761,"_wellknowntype_":"int64"}},{"file":{"_data_":"master.tag","_wellknowntype_":"string"},"time":{"_data_":1712287442728,"_wellknowntype_":"int64"}},{"file":{"_data_":"symbol.oa","_wellknowntype_":"string"},"time":{"_data_":1712287442739,"_wellknowntype_":"int64"}}]}]},{"name":{"_data_":"DA_LCHighpassDT_fc1","_wellknowntype_":"string"},"views":[{"name":{"_data_":"schematic","_wellknowntype_":"string"},"references":{"cells":[],"externalFiles":[],"libraries":[],"libraryFiles":[],"pcbVias":[],"views":[]},"timestamp":[{"file":{"_data_":".","_wellknowntype_":"string"},"time":{"_data_":1712286910838,"_wellknowntype_":"int64"}},{"file":{"_data_":"master.tag","_wellknowntype_":"string"},"time":{"_data_":1712286910753,"_wellknowntype_":"int64"}},{"file":{"_data_":"sch.oa","_wellknowntype_":"string"},"time":{"_data_":1712286910764,"_wellknowntype_":"int64"}}]},{"name":{"_data_":"symbol","_wellknowntype_":"string"},"references":{"cells":[],"externalFiles":[],"libraries":[],"libraryFiles":[],"pcbVias":[],"views":[]},"timestamp":[{"file":{"_data_":".","_wellknowntype_":"string"},"time":{"_data_":1712286910841,"_wellknowntype_":"int64"}},{"file":{"_data_":"master.tag","_wellknowntype_":"string"},"time":{"_data_":1712286910796,"_wellknowntype_":"int64"}},{"file":{"_data_":"symbol.oa","_wellknowntype_":"string"},"time":{"_data_":1712286910807,"_wellknowntype_":"int64"}}]}]},{"name":{"_data_":"DA_LCHighpassDT_fc2","_wellknowntype_":"string"},"views":[{"name":{"_data_":"schematic","_wellknowntype_":"string"},"references":{"cells":[],"externalFiles":[],"libraries":[],"libraryFiles":[],"pcbVias":[],"views":[]},"timestamp":[{"file":{"_data_":".","_wellknowntype_":"string"},"time":{"_data_":1712287367734,"_wellknowntype_":"int64"}},{"file":{"_data_":"master.tag","_wellknowntype_":"string"},"time":{"_data_":1712287367674,"_wellknowntype_":"int64"}},{"file":{"_data_":"sch.oa","_wellknowntype_":"string"},"time":{"_data_":1712287367685,"_wellknowntype_":"int64"}}]},{"name":{"_data_":"symbol","_wellknowntype_":"string"},"references":{"cells":[],"externalFiles":[],"libraries":[],"libraryFiles":[],"pcbVias":[],"views":[]},"timestamp":[{"file":{"_data_":".","_wellknowntype_":"string"},"time":{"_data_":1712287367737,"_wellknowntype_":"int64"}},{"file":{"_data_":"master.tag","_wellknowntype_":"string"},"time":{"_data_":1712287367704,"_wellknowntype_":"int64"}},{"file":{"_data_":"symbol.oa","_wellknowntype_":"string"},"time":{"_data_":1712287367714,"_wellknowntype_":"int64"}}]}]},{"name":{"_data_":"DA_LCLowpassDT1_fc1","_wellknowntype_":"string"},"views":[{"name":{"_data_":"schematic","_wellknowntype_":"string"},"references":{"cells":[],"externalFiles":[],"libraries":[],"libraryFiles":[],"pcbVias":[],"views":[{"_data_":"ads_datacmps:VAR:symbol","_wellknowntype_":"string"},{"_data_":"ads_tlines:MLIN:symbol","_wellknowntype_":"string"},{"_data_":"ads_tlines:MLOC:symbol","_wellknowntype_":"string"},{"_data_":"ads_tlines:MSUB:symbol","_wellknowntype_":"string"}]},"timestamp":[{"file":{"_data_":".","_wellknowntype_":"string"},"time":{"_data_":1712286796781,"_wellknowntype_":"int64"}},{"file":{"_data_":"master.tag","_wellknowntype_":"string"},"time":{"_data_":1712286524500,"_wellknowntype_":"int64"}},{"file":{"_data_":"sch.oa","_wellknowntype_":"string"},"time":{"_data_":1712286796777,"_wellknowntype_":"int64"}},{"file":{"_data_":"sch.oa.cdslck","_wellknowntype_":"string"},"time":{"_data_":1712286524594,"_wellknowntype_":"int64"}}]},{"name":{"_data_":"symbol","_wellknowntype_":"string"},"references":{"cells":[],"externalFiles":[],"libraries":[],"libraryFiles":[],"pcbVias":[],"views":[]},"timestamp":[{"file":{"_data_":".","_wellknowntype_":"string"},"time":{"_data_":1712286524562,"_wellknowntype_":"int64"}},{"file":{"_data_":"master.tag","_wellknowntype_":"string"},"time":{"_data_":1712286524530,"_wellknowntype_":"int64"}},{"file":{"_data_":"symbol.oa","_wellknowntype_":"string"},"time":{"_data_":1712286524541,"_wellknowntype_":"int64"}}]}]},{"name":{"_data_":"DA_LCLowpassDT_fc1","_wellknowntype_":"string"},"views":[{"name":{"_data_":"schematic","_wellknowntype_":"string"},"references":{"cells":[],"externalFiles":[],"libraries":[],"libraryFiles":[],"pcbVias":[],"views":[]},"timestamp":[{"file":{"_data_":".","_wellknowntype_":"string"},"time":{"_data_":1712286477408,"_wellknowntype_":"int64"}},{"file":{"_data_":"master.tag","_wellknowntype_":"string"},"time":{"_data_":1712286477327,"_wellknowntype_":"int64"}},{"file":{"_data_":"sch.oa","_wellknowntype_":"string"},"time":{"_data_":1712286477337,"_wellknowntype_":"int64"}}]},{"name":{"_data_":"symbol","_wellknowntype_":"string"},"references":{"cells":[],"externalFiles":[],"libraries":[],"libraryFiles":[],"pcbVias":[],"views":[]},"timestamp":[{"file":{"_data_":".","_wellknowntype_":"string"},"time":{"_data_":1712286477413,"_wellknowntype_":"int64"}},{"file":{"_data_":"master.tag","_wellknowntype_":"string"},"time":{"_data_":1712286477365,"_wellknowntype_":"int64"}},{"file":{"_data_":"symbol.oa","_wellknowntype_":"string"},"time":{"_data_":1712286477376,"_wellknowntype_":"int64"}}]}]},{"name":{"_data_":"DA_MICapS10_DA_LCHighpassDT1_fc1","_wellknowntype_":"string"},"views":[{"name":{"_data_":"schematic","_wellknowntype_":"string"},"references":{"cells":[],"externalFiles":[],"libraries":[],"libraryFiles":[],"pcbVias":[],"views":[{"_data_":"ads_datacmps:VAR:symbol","_wellknowntype_":"string"},{"_data_":"ads_tlines:MICAP1:symbol","_wellknowntype_":"string"}]},"timestamp":[{"file":{"_data_":".","_wellknowntype_":"string"},"time":{"_data_":1712287114549,"_wellknowntype_":"int64"}},{"file":{"_data_":"master.tag","_wellknowntype_":"string"},"time":{"_data_":1712287106060,"_wellknowntype_":"int64"}},{"file":{"_data_":"sch.oa","_wellknowntype_":"string"},"time":{"_data_":1712287114546,"_wellknowntype_":"int64"}},{"file":{"_data_":"sch.oa.cdslck","_wellknowntype_":"string"},"time":{"_data_":1712287112585,"_wellknowntype_":"int64"}}]},{"name":{"_data_":"symbol","_wellknowntype_":"string"},"references":{"cells":[],"externalFiles":[],"libraries":[],"libraryFiles":[],"pcbVias":[],"views":[]},"timestamp":[{"file":{"_data_":".","_wellknowntype_":"string"},"time":{"_data_":1712287106146,"_wellknowntype_":"int64"}},{"file":{"_data_":"master.tag","_wellknowntype_":"string"},"time":{"_data_":1712287106096,"_wellknowntype_":"int64"}},{"file":{"_data_":"symbol.oa","_wellknowntype_":"string"},"time":{"_data_":1712287106110,"_wellknowntype_":"int64"}}]}]},{"name":{"_data_":"DA_MICapS1_DA_LCHighpassDT1_fc1","_wellknowntype_":"string"},"views":[{"name":{"_data_":"schematic","_wellknowntype_":"string"},"references":{"cells":[],"externalFiles":[],"libraries":[],"libraryFiles":[],"pcbVias":[],"views":[{"_data_":"ads_datacmps:VAR:symbol","_wellknowntype_":"string"},{"_data_":"ads_tlines:MICAP1:symbol","_wellknowntype_":"string"}]},"timestamp":[{"file":{"_data_":".","_wellknowntype_":"string"},"time":{"_data_":1712287112091,"_wellknowntype_":"int64"}},{"file":{"_data_":"master.tag","_wellknowntype_":"string"},"time":{"_data_":1712287104812,"_wellknowntype_":"int64"}},{"file":{"_data_":"sch.oa","_wellknowntype_":"string"},"time":{"_data_":1712287112087,"_wellknowntype_":"int64"}},{"file":{"_data_":"sch.oa.cdslck","_wellknowntype_":"string"},"time":{"_data_":1712287108324,"_wellknowntype_":"int64"}}]},{"name":{"_data_":"symbol","_wellknowntype_":"string"},"references":{"cells":[],"externalFiles":[],"libraries":[],"libraryFiles":[],"pcbVias":[],"views":[]},"timestamp":[{"file":{"_data_":".","_wellknowntype_":"string"},"time":{"_data_":1712287104897,"_wellknowntype_":"int64"}},{"file":{"_data_":"master.tag","_wellknowntype_":"string"},"time":{"_data_":1712287104852,"_wellknowntype_":"int64"}},{"file":{"_data_":"symbol.oa","_wellknowntype_":"string"},"time":{"_data_":1712287104864,"_wellknowntype_":"int64"}}]}]},{"name":{"_data_":"DA_MICapS1_DA_LCHighpassDT1_fc2","_wellknowntype_":"string"},"views":[{"name":{"_data_":"schematic","_wellknowntype_":"string"},"references":{"cells":[],"externalFiles":[],"libraries":[],"libraryFiles":[],"pcbVias":[],"views":[{"_data_":"ads_datacmps:VAR:symbol","_wellknowntype_":"string"},{"_data_":"ads_tlines:MICAP1:symbol","_wellknowntype_":"string"}]},"timestamp":[{"file":{"_data_":".","_wellknowntype_":"string"},"time":{"_data_":1712287824318,"_wellknowntype_":"int64"}},{"file":{"_data_":"master.tag","_wellknowntype_":"string"},"time":{"_data_":1712287813021,"_wellknowntype_":"int64"}},{"file":{"_data_":"sch.oa","_wellknowntype_":"string"},"time":{"_data_":1712287824314,"_wellknowntype_":"int64"}},{"file":{"_data_":"sch.oa.cdslck","_wellknowntype_":"string"},"time":{"_data_":1712287822058,"_wellknowntype_":"int64"}}]},{"name":{"_data_":"symbol","_wellknowntype_":"string"},"references":{"cells":[],"externalFiles":[],"libraries":[],"libraryFiles":[],"pcbVias":[],"views":[]},"timestamp":[{"file":{"_data_":".","_wellknowntype_":"string"},"time":{"_data_":1712287813088,"_wellknowntype_":"int64"}},{"file":{"_data_":"master.tag","_wellknowntype_":"string"},"time":{"_data_":1712287813051,"_wellknowntype_":"int64"}},{"file":{"_data_":"symbol.oa","_wellknowntype_":"string"},"time":{"_data_":1712287813062,"_wellknowntype_":"int64"}}]}]},{"name":{"_data_":"DA_MICapS2_DA_LCHighpassDT1_fc1","_wellknowntype_":"string"},"views":[{"name":{"_data_":"schematic","_wellknowntype_":"string"},"references":{"cells":[],"externalFiles":[],"libraries":[],"libraryFiles":[],"pcbVias":[],"views":[{"_data_":"ads_datacmps:VAR:symbol","_wellknowntype_":"string"},{"_data_":"ads_tlines:MICAP1:symbol","_wellknowntype_":"string"}]},"timestamp":[{"file":{"_data_":".","_wellknowntype_":"string"},"time":{"_data_":1712287116269,"_wellknowntype_":"int64"}},{"file":{"_data_":"master.tag","_wellknowntype_":"string"},"time":{"_data_":1712287104978,"_wellknowntype_":"int64"}},{"file":{"_data_":"sch.oa","_wellknowntype_":"string"},"time":{"_data_":1712287116266,"_wellknowntype_":"int64"}},{"file":{"_data_":"sch.oa.cdslck","_wellknowntype_":"string"},"time":{"_data_":1712287115011,"_wellknowntype_":"int64"}}]},{"name":{"_data_":"symbol","_wellknowntype_":"string"},"references":{"cells":[],"externalFiles":[],"libraries":[],"libraryFiles":[],"pcbVias":[],"views":[]},"timestamp":[{"file":{"_data_":".","_wellknowntype_":"string"},"time":{"_data_":1712287105039,"_wellknowntype_":"int64"}},{"file":{"_data_":"master.tag","_wellknowntype_":"string"},"time":{"_data_":1712287105002,"_wellknowntype_":"int64"}},{"file":{"_data_":"symbol.oa","_wellknowntype_":"string"},"time":{"_data_":1712287105013,"_wellknowntype_":"int64"}}]}]},{"name":{"_data_":"DA_MICapS2_DA_LCHighpassDT1_fc2","_wellknowntype_":"string"},"views":[{"name":{"_data_":"schematic","_wellknowntype_":"string"},"references":{"cells":[],"externalFiles":[],"libraries":[],"libraryFiles":[],"pcbVias":[],"views":[{"_data_":"ads_datacmps:VAR:symbol","_wellknowntype_":"string"},{"_data_":"ads_tlines:MICAP1:symbol","_wellknowntype_":"string"}]},"timestamp":[{"file":{"_data_":".","_wellknowntype_":"string"},"time":{"_data_":1712287826143,"_wellknowntype_":"int64"}},{"file":{"_data_":"master.tag","_wellknowntype_":"string"},"time":{"_data_":1712287813174,"_wellknowntype_":"int64"}},{"file":{"_data_":"sch.oa","_wellknowntype_":"string"},"time":{"_data_":1712287826139,"_wellknowntype_":"int64"}},{"file":{"_data_":"sch.oa.cdslck","_wellknowntype_":"string"},"time":{"_data_":1712287824774,"_wellknowntype_":"int64"}}]},{"name":{"_data_":"symbol","_wellknowntype_":"string"},"references":{"cells":[],"externalFiles":[],"libraries":[],"libraryFiles":[],"pcbVias":[],"views":[]},"timestamp":[{"file":{"_data_":".","_wellknowntype_":"string"},"time":{"_data_":1712287813231,"_wellknowntype_":"int64"}},{"file":{"_data_":"master.tag","_wellknowntype_":"string"},"time":{"_data_":1712287813194,"_wellknowntype_":"int64"}},{"file":{"_data_":"symbol.oa","_wellknowntype_":"string"},"time":{"_data_":1712287813203,"_wellknowntype_":"int64"}}]}]},{"name":{"_data_":"DA_MICapS3_DA_LCHighpassDT1_fc1","_wellknowntype_":"string"},"views":[{"name":{"_data_":"schematic","_wellknowntype_":"string"},"references":{"cells":[],"externalFiles":[],"libraries":[],"libraryFiles":[],"pcbVias":[],"views":[{"_data_":"ads_datacmps:VAR:symbol","_wellknowntype_":"string"},{"_data_":"ads_tlines:MICAP1:symbol","_wellknowntype_":"string"}]},"timestamp":[{"file":{"_data_":".","_wellknowntype_":"string"},"time":{"_data_":1712287118080,"_wellknowntype_":"int64"}},{"file":{"_data_":"master.tag","_wellknowntype_":"string"},"time":{"_data_":1712287105113,"_wellknowntype_":"int64"}},{"file":{"_data_":"sch.oa","_wellknowntype_":"string"},"time":{"_data_":1712287118077,"_wellknowntype_":"int64"}},{"file":{"_data_":"sch.oa.cdslck","_wellknowntype_":"string"},"time":{"_data_":1712287116738,"_wellknowntype_":"int64"}}]},{"name":{"_data_":"symbol","_wellknowntype_":"string"},"references":{"cells":[],"externalFiles":[],"libraries":[],"libraryFiles":[],"pcbVias":[],"views":[]},"timestamp":[{"file":{"_data_":".","_wellknowntype_":"string"},"time":{"_data_":1712287105174,"_wellknowntype_":"int64"}},{"file":{"_data_":"master.tag","_wellknowntype_":"string"},"time":{"_data_":1712287105142,"_wellknowntype_":"int64"}},{"file":{"_data_":"symbol.oa","_wellknowntype_":"string"},"time":{"_data_":1712287105152,"_wellknowntype_":"int64"}}]}]},{"name":{"_data_":"DA_MICapS4_DA_LCHighpassDT1_fc1","_wellknowntype_":"string"},"views":[{"name":{"_data_":"schematic","_wellknowntype_":"string"},"references":{"cells":[],"externalFiles":[],"libraries":[],"libraryFiles":[],"pcbVias":[],"views":[{"_data_":"ads_datacmps:VAR:symbol","_wellknowntype_":"string"},{"_data_":"ads_tlines:MICAP1:symbol","_wellknowntype_":"string"}]},"timestamp":[{"file":{"_data_":".","_wellknowntype_":"string"},"time":{"_data_":1712287122610,"_wellknowntype_":"int64"}},{"file":{"_data_":"master.tag","_wellknowntype_":"string"},"time":{"_data_":1712287105249,"_wellknowntype_":"int64"}},{"file":{"_data_":"sch.oa","_wellknowntype_":"string"},"time":{"_data_":1712287122607,"_wellknowntype_":"int64"}},{"file":{"_data_":"sch.oa.cdslck","_wellknowntype_":"string"},"time":{"_data_":1712287118549,"_wellknowntype_":"int64"}}]},{"name":{"_data_":"symbol","_wellknowntype_":"string"},"references":{"cells":[],"externalFiles":[],"libraries":[],"libraryFiles":[],"pcbVias":[],"views":[]},"timestamp":[{"file":{"_data_":".","_wellknowntype_":"string"},"time":{"_data_":1712287105304,"_wellknowntype_":"int64"}},{"file":{"_data_":"master.tag","_wellknowntype_":"string"},"time":{"_data_":1712287105273,"_wellknowntype_":"int64"}},{"file":{"_data_":"symbol.oa","_wellknowntype_":"string"},"time":{"_data_":1712287105283,"_wellknowntype_":"int64"}}]}]},{"name":{"_data_":"DA_MICapS5_DA_LCHighpassDT1_fc1","_wellknowntype_":"string"},"views":[{"name":{"_data_":"schematic","_wellknowntype_":"string"},"references":{"cells":[],"externalFiles":[],"libraries":[],"libraryFiles":[],"pcbVias":[],"views":[{"_data_":"ads_datacmps:VAR:symbol","_wellknowntype_":"string"},{"_data_":"ads_tlines:MICAP1:symbol","_wellknowntype_":"string"}]},"timestamp":[{"file":{"_data_":".","_wellknowntype_":"string"},"time":{"_data_":1712287124235,"_wellknowntype_":"int64"}},{"file":{"_data_":"master.tag","_wellknowntype_":"string"},"time":{"_data_":1712287105381,"_wellknowntype_":"int64"}},{"file":{"_data_":"sch.oa","_wellknowntype_":"string"},"time":{"_data_":1712287124231,"_wellknowntype_":"int64"}},{"file":{"_data_":"sch.oa.cdslck","_wellknowntype_":"string"},"time":{"_data_":1712287123074,"_wellknowntype_":"int64"}}]},{"name":{"_data_":"symbol","_wellknowntype_":"string"},"references":{"cells":[],"externalFiles":[],"libraries":[],"libraryFiles":[],"pcbVias":[],"views":[]},"timestamp":[{"file":{"_data_":".","_wellknowntype_":"string"},"time":{"_data_":1712287105439,"_wellknowntype_":"int64"}},{"file":{"_data_":"master.tag","_wellknowntype_":"string"},"time":{"_data_":1712287105407,"_wellknowntype_":"int64"}},{"file":{"_data_":"symbol.oa","_wellknowntype_":"string"},"time":{"_data_":1712287105417,"_wellknowntype_":"int64"}}]}]},{"name":{"_data_":"DA_MICapS6_DA_LCHighpassDT1_fc1","_wellknowntype_":"string"},"views":[{"name":{"_data_":"schematic","_wellknowntype_":"string"},"references":{"cells":[],"externalFiles":[],"libraries":[],"libraryFiles":[],"pcbVias":[],"views":[{"_data_":"ads_datacmps:VAR:symbol","_wellknowntype_":"string"},{"_data_":"ads_tlines:MICAP1:symbol","_wellknowntype_":"string"}]},"timestamp":[{"file":{"_data_":".","_wellknowntype_":"string"},"time":{"_data_":1712287125654,"_wellknowntype_":"int64"}},{"file":{"_data_":"master.tag","_wellknowntype_":"string"},"time":{"_data_":1712287105518,"_wellknowntype_":"int64"}},{"file":{"_data_":"sch.oa","_wellknowntype_":"string"},"time":{"_data_":1712287125650,"_wellknowntype_":"int64"}},{"file":{"_data_":"sch.oa.cdslck","_wellknowntype_":"string"},"time":{"_data_":1712287124697,"_wellknowntype_":"int64"}}]},{"name":{"_data_":"symbol","_wellknowntype_":"string"},"references":{"cells":[],"externalFiles":[],"libraries":[],"libraryFiles":[],"pcbVias":[],"views":[]},"timestamp":[{"file":{"_data_":".","_wellknowntype_":"string"},"time":{"_data_":1712287105573,"_wellknowntype_":"int64"}},{"file":{"_data_":"master.tag","_wellknowntype_":"string"},"time":{"_data_":1712287105540,"_wellknowntype_":"int64"}},{"file":{"_data_":"symbol.oa","_wellknowntype_":"string"},"time":{"_data_":1712287105551,"_wellknowntype_":"int64"}}]}]},{"name":{"_data_":"DA_MICapS7_DA_LCHighpassDT1_fc1","_wellknowntype_":"string"},"views":[{"name":{"_data_":"schematic","_wellknowntype_":"string"},"references":{"cells":[],"externalFiles":[],"libraries":[],"libraryFiles":[],"pcbVias":[],"views":[{"_data_":"ads_datacmps:VAR:symbol","_wellknowntype_":"string"},{"_data_":"ads_tlines:MICAP1:symbol","_wellknowntype_":"string"}]},"timestamp":[{"file":{"_data_":".","_wellknowntype_":"string"},"time":{"_data_":1712287127292,"_wellknowntype_":"int64"}},{"file":{"_data_":"master.tag","_wellknowntype_":"string"},"time":{"_data_":1712287105658,"_wellknowntype_":"int64"}},{"file":{"_data_":"sch.oa","_wellknowntype_":"string"},"time":{"_data_":1712287127288,"_wellknowntype_":"int64"}},{"file":{"_data_":"sch.oa.cdslck","_wellknowntype_":"string"},"time":{"_data_":1712287126127,"_wellknowntype_":"int64"}}]},{"name":{"_data_":"symbol","_wellknowntype_":"string"},"references":{"cells":[],"externalFiles":[],"libraries":[],"libraryFiles":[],"pcbVias":[],"views":[]},"timestamp":[{"file":{"_data_":".","_wellknowntype_":"string"},"time":{"_data_":1712287105715,"_wellknowntype_":"int64"}},{"file":{"_data_":"master.tag","_wellknowntype_":"string"},"time":{"_data_":1712287105681,"_wellknowntype_":"int64"}},{"file":{"_data_":"symbol.oa","_wellknowntype_":"string"},"time":{"_data_":1712287105690,"_wellknowntype_":"int64"}}]}]},{"name":{"_data_":"DA_MICapS8_DA_LCHighpassDT1_fc1","_wellknowntype_":"string"},"views":[{"name":{"_data_":"schematic","_wellknowntype_":"string"},"references":{"cells":[],"externalFiles":[],"libraries":[],"libraryFiles":[],"pcbVias":[],"views":[{"_data_":"ads_datacmps:VAR:symbol","_wellknowntype_":"string"},{"_data_":"ads_tlines:MICAP1:symbol","_wellknowntype_":"string"}]},"timestamp":[{"file":{"_data_":".","_wellknowntype_":"string"},"time":{"_data_":1712287128650,"_wellknowntype_":"int64"}},{"file":{"_data_":"master.tag","_wellknowntype_":"string"},"time":{"_data_":1712287105793,"_wellknowntype_":"int64"}},{"file":{"_data_":"sch.oa","_wellknowntype_":"string"},"time":{"_data_":1712287128647,"_wellknowntype_":"int64"}},{"file":{"_data_":"sch.oa.cdslck","_wellknowntype_":"string"},"time":{"_data_":1712287127752,"_wellknowntype_":"int64"}}]},{"name":{"_data_":"symbol","_wellknowntype_":"string"},"references":{"cells":[],"externalFiles":[],"libraries":[],"libraryFiles":[],"pcbVias":[],"views":[]},"timestamp":[{"file":{"_data_":".","_wellknowntype_":"string"},"time":{"_data_":1712287105847,"_wellknowntype_":"int64"}},{"file":{"_data_":"master.tag","_wellknowntype_":"string"},"time":{"_data_":1712287105816,"_wellknowntype_":"int64"}},{"file":{"_data_":"symbol.oa","_wellknowntype_":"string"},"time":{"_data_":1712287105825,"_wellknowntype_":"int64"}}]}]},{"name":{"_data_":"DA_MICapS9_DA_LCHighpassDT1_fc1","_wellknowntype_":"string"},"views":[{"name":{"_data_":"schematic","_wellknowntype_":"string"},"references":{"cells":[],"externalFiles":[],"libraries":[],"libraryFiles":[],"pcbVias":[],"views":[{"_data_":"ads_datacmps:VAR:symbol","_wellknowntype_":"string"},{"_data_":"ads_tlines:MICAP1:symbol","_wellknowntype_":"string"}]},"timestamp":[{"file":{"_data_":".","_wellknowntype_":"string"},"time":{"_data_":1712287130256,"_wellknowntype_":"int64"}},{"file":{"_data_":"master.tag","_wellknowntype_":"string"},"time":{"_data_":1712287105925,"_wellknowntype_":"int64"}},{"file":{"_data_":"sch.oa","_wellknowntype_":"string"},"time":{"_data_":1712287130252,"_wellknowntype_":"int64"}},{"file":{"_data_":"sch.oa.cdslck","_wellknowntype_":"string"},"time":{"_data_":1712287129102,"_wellknowntype_":"int64"}}]},{"name":{"_data_":"symbol","_wellknowntype_":"string"},"references":{"cells":[],"externalFiles":[],"libraries":[],"libraryFiles":[],"pcbVias":[],"views":[]},"timestamp":[{"file":{"_data_":".","_wellknowntype_":"string"},"time":{"_data_":1712287105982,"_wellknowntype_":"int64"}},{"file":{"_data_":"master.tag","_wellknowntype_":"string"},"time":{"_data_":1712287105949,"_wellknowntype_":"int64"}},{"file":{"_data_":"symbol.oa","_wellknowntype_":"string"},"time":{"_data_":1712287105960,"_wellknowntype_":"int64"}}]}]},{"name":{"_data_":"cell_1","_wellknowntype_":"string"},"views":[]},{"name":{"_data_":"cell_2","_wellknowntype_":"string"},"views":[]},{"name":{"_data_":"diplexer","_wellknowntype_":"string"},"views":[]},{"name":{"_data_":"divider","_wellknowntype_":"string"},"views":[{"name":{"_data_":"schematic","_wellknowntype_":"string"},"references":{"cells":[],"externalFiles":[],"libraries":[],"libraryFiles":[],"pcbVias":[],"views":[{"_data_":"ads_rflib:GROUND:symbol","_wellknowntype_":"string"},{"_data_":"ads_rflib:R:symbol","_wellknowntype_":"string"},{"_data_":"ads_simulation:S_Param:symbol","_wellknowntype_":"string"},{"_data_":"ads_simulation:Term:symbol","_wellknowntype_":"string"},{"_data_":"ads_simulation:Zin:symbol","_wellknowntype_":"string"},{"_data_":"ads_tlines:MLIN:symbol","_wellknowntype_":"string"},{"_data_":"ads_tlines:MSUB:symbol","_wellknowntype_":"string"},{"_data_":"ads_tlines:MTEE_ADS:symbol","_wellknowntype_":"string"}]},"timestamp":[{"file":{"_data_":".","_wellknowntype_":"string"},"time":{"_data_":1712197685663,"_wellknowntype_":"int64"}},{"file":{"_data_":"master.tag","_wellknowntype_":"string"},"time":{"_data_":1711070521245,"_wellknowntype_":"int64"}},{"file":{"_data_":"sch.oa","_wellknowntype_":"string"},"time":{"_data_":1712183471901,"_wellknowntype_":"int64"}}]}]},{"name":{"_data_":"fc1","_wellknowntype_":"string"},"views":[]},{"name":{"_data_":"fc2","_wellknowntype_":"string"},"views":[]},{"name":{"_data_":"match5","_wellknowntype_":"string"},"views":[{"name":{"_data_":"schematic","_wellknowntype_":"string"},"references":{"cells":[],"externalFiles":[],"libraries":[],"libraryFiles":[],"pcbVias":[],"views":[{"_data_":"ads_rflib:C:symbol","_wellknowntype_":"string"},{"_data_":"ads_rflib:GROUND:symbol","_wellknowntype_":"string"},{"_data_":"ads_rflib:L:symbol","_wellknowntype_":"string"},{"_data_":"ads_simulation:S_Param:symbol","_wellknowntype_":"string"},{"_data_":"ads_simulation:Term:symbol","_wellknowntype_":"string"},{"_data_":"ads_simulation:Zin:symbol","_wellknowntype_":"string"},{"_data_":"ads_tlines:CPW:symbol","_wellknowntype_":"string"},{"_data_":"ads_tlines:CPWSUB:symbol","_wellknowntype_":"string"}]},"timestamp":[{"file":{"_data_":".","_wellknowntype_":"string"},"time":{"_data_":1711110655813,"_wellknowntype_":"int64"}},{"file":{"_data_":"master.tag","_wellknowntype_":"string"},"time":{"_data_":1711070978361,"_wellknowntype_":"int64"}},{"file":{"_data_":"sch.oa","_wellknowntype_":"string"},"time":{"_data_":1711110644664,"_wellknowntype_":"int64"}}]}]},{"name":{"_data_":"match550","_wellknowntype_":"string"},"views":[{"name":{"_data_":"schematic","_wellknowntype_":"string"},"references":{"cells":[],"externalFiles":[{"_data_":"C:\\Users\\zxy\\Documents\\Measurements_Pack1\\Line2_Meas2_Calibrated.s2p","_wellknowntype_":"string"}],"libraries":[],"libraryFiles":[],"pcbVias":[],"views":[{"_data_":"ads_datacmps:SnP:symbol","_wellknowntype_":"string"},{"_data_":"ads_rflib:C:symbol","_wellknowntype_":"string"},{"_data_":"ads_rflib:GROUND:symbol","_wellknowntype_":"string"},{"_data_":"ads_rflib:L:symbol","_wellknowntype_":"string"},{"_data_":"ads_simulation:S_Param:symbol","_wellknowntype_":"string"},{"_data_":"ads_simulation:Term:symbol","_wellknowntype_":"string"},{"_data_":"ads_simulation:Zin:symbol","_wellknowntype_":"string"},{"_data_":"ads_tlines:CPWSUB:symbol","_wellknowntype_":"string"}]},"timestamp":[{"file":{"_data_":".","_wellknowntype_":"string"},"time":{"_data_":1712180419903,"_wellknowntype_":"int64"}},{"file":{"_data_":"master.tag","_wellknowntype_":"string"},"time":{"_data_":1711070935884,"_wellknowntype_":"int64"}},{"file":{"_data_":"sch.oa","_wellknowntype_":"string"},"time":{"_data_":1712178716838,"_wellknowntype_":"int64"}}]}]}],"name":{"_data_":"ass3_lib","_wellknowntype_":"string"},"version":{"_data_":1.0,"_wellknowntype_":"double"}}